index,k__Bacteria,k__Archaea,BarcodeSequence,LinkerPrimerSequence,Barcode,Database,Cohort,sample_ID,Country,Organism,Source,Enzyme,remark,Date,pn_ID,Description
DB22.021,10.0,0.0,CAGCTCATCAGC,GGACTACHVGGGTWTCTAAT,P-021,DB22,cure,064-24M,Israel,human,stool,HiKapa,NA,NA,64,DB22.021
DB22.031,16.0,0.0,AGTTACGAGCTA,GGACTACHVGGGTWTCTAAT,P-031,DB22,cure,078-EOS,Israel,human,stool,HiKapa,NA,21.2.22,78,DB22.031
DB22.061,223.0,0.0,GTGGAGTCTCAT,GGACTACHVGGGTWTCTAAT,P-061,DB22,cure,118-15M,Israel,human,stool,HiKapa,NA,6.11.22,118,DB22.061
DB22.023,232.0,0.0,GCAACACCATCC,GGACTACHVGGGTWTCTAAT,P-023,DB22,cure,072-24M,Israel,human,stool,HiKapa,NA,16.8.22,72,DB22.023
DB22.071,4603.0,0.0,CGTAATTGCCGC,GGACTACHVGGGTWTCTAAT,P-071,DB22,IRON,c-212-2-4,Israel,Human,Saliva,HiKapa,NA,NA,c-212,DB22.071
DB22.024,7.0,0.0,GCGATATATCGC,GGACTACHVGGGTWTCTAAT,P-024,DB22,cure,072-30M,Israel,human,stool,HiKapa,NA,29.3.22,72,DB22.024
DB22.072,4.0,0.0,GGTGACTAGTTC,GGACTACHVGGGTWTCTAAT,P-072,DB22,IRON,c-213-2,Israel,human,stool,HiKapa,NA,3_7_2022,c-213,DB22.072
DB22.033,1997.0,0.0,CAACTCCCGTGA,GGACTACHVGGGTWTCTAAT,P-033,DB22,cure,079-24M,Israel,human,stool,HiKapa,NA,6.12.22,79,DB22.033
DB22.025,9.0,0.0,CGAGCAATCCTA,GGACTACHVGGGTWTCTAAT,P-025,DB22,cure,073-21M,Israel,human,stool,HiKapa,NA,28.6.22,73,DB22.025
DB22.081,8944.0,0.0,TGCGCTGAATGT,GGACTACHVGGGTWTCTAAT,P-081,DB22,IRON,C-227-1,Israel,human,stool,HiKapa,NA,06/14/2022,C-227,DB22.081
DB22.041,11513.0,0.0,GAGCCATCTGTA,GGACTACHVGGGTWTCTAAT,P-041,DB22,cure,093-6M,Israel,human,stool,HiKapa,NA,NA,93,DB22.041
DB22.082,12.0,0.0,ATGGCTGTCAGT,GGACTACHVGGGTWTCTAAT,P-082,DB22,IRON,C-250-2,Israel,human,stool,HiKapa,NA,4_12_2022,C-250,DB22.082
DB22.042,32.0,0.0,TTGGGTACACGT,GGACTACHVGGGTWTCTAAT,P-042,DB22,cure,097-EOS,Israel,human,stool,HiKapa,NA,28.3.22,97,DB22.042
DB22.062,10154.0,0.0,GCTCGAAGATTC,GGACTACHVGGGTWTCTAAT,P-062,DB22,cure,118-18M,Israel,human,stool,HiKapa,NA,NA,118,DB22.062
DB22.073,10278.0,0.0,ATGGGTTCCGTC,GGACTACHVGGGTWTCTAAT,P-073,DB22,IRON,C-213-2-4,Israel,human,stool,HiKapa,NA,NA,C-213,DB22.073
DB22.091,21456.0,0.0,TGTAACGCCGAT,GGACTACHVGGGTWTCTAAT,P-091,DB22,ninAB,12_Stool,Israel,NA,NA,HiKapa,NA,NA,NA,DB22.091
DB22.074,293.0,0.0,TAGGCATGCTTG,GGACTACHVGGGTWTCTAAT,P-074,DB22,IRON,C-213/215-4,Israel,human,stool,HiKapa,NA,NA,?,DB22.074
DB22.064,11763.0,0.0,TCTCTACCACTC,GGACTACHVGGGTWTCTAAT,P-064,DB22,seker_controls,A449_jan22,Israel,human,Saliva,HiKapa,NA,9_8_2022,A449,DB22.064
DB22.026,26005.0,0.0,AGTCGTGCACAT,GGACTACHVGGGTWTCTAAT,P-026,DB22,cure,073-24M,Israel,human,stool,HiKapa,NA,04.01.23,73,DB22.026
DB22.001,32473.0,28.0,ACGAGACTGATT,GGACTACHVGGGTWTCTAAT,P-001,DB22,cure,002-36M,Israel,human,stool,HiKapa,NA,NA,2,DB22.001
DB22.027,15.0,0.0,GTATCTGCGCGT,GGACTACHVGGGTWTCTAAT,P-027,DB22,cure,073-30M,Israel,human,stool,HiKapa,NA,9.6.22,73,DB22.027
DB22.092,17465.0,0.0,AGCAGAACATCT,GGACTACHVGGGTWTCTAAT,P-092,DB22,ninAB,12_AG[n],Israel,NA,NA,HiKapa,NA,NA,NA,DB22.092
DB22.065,10099.0,0.0,ACTTCCAACTTC,GGACTACHVGGGTWTCTAAT,P-065,DB22,IRON,C-168-1-4,Israel,human,stool,HiKapa,NA,44682,C-168,DB22.065
DB22.043,21356.0,54.0,AAGGCGCTCCTT,GGACTACHVGGGTWTCTAAT,P-043,DB22,cure,101-18M,Israel,human,stool,HiKapa,NA,28.6.22,101,DB22.043
DB22.051,38763.0,0.0,CTATCTCCTGTC,GGACTACHVGGGTWTCTAAT,P-051,DB22,cure,114-9M,Israel,human,stool,HiKapa,NA,12.6.22,114,DB22.051
DB22.034,32484.0,0.0,TTGCGTTAGCAG,GGACTACHVGGGTWTCTAAT,P-034,DB22,cure,079-30M,Israel,human,stool,HiKapa,NA,7.6.22,79,DB22.034
DB22.002,6490.0,0.0,GCTGTACGGATT,GGACTACHVGGGTWTCTAAT,P-002,DB22,cure,003-M18,Israel,human,stool,HiKapa,NA,NA,3,DB22.002
DB22.035,2195.0,0.0,TACGAGCCCTAA,GGACTACHVGGGTWTCTAAT,P-035,DB22,cure,083-24M,Israel,human,stool,HiKapa,NA,6.12.22,83,DB22.035
DB22.066,4463.0,0.0,CTCACCTAGGAA,GGACTACHVGGGTWTCTAAT,P-066,DB22,IRON,C-207-2-4,Israel,human,stool,HiKapa,NA,09_11_2020,C-207,DB22.066
DB22.067,27.0,0.0,GTGTTGTCGTGC,GGACTACHVGGGTWTCTAAT,P-067,DB22,IRON,C-209-1-1,Israel,Human,Saliva,HiKapa,NA,3_7_2022,C-209,DB22.067
DB22.044,11102.0,0.0,TAATACGGATCG,GGACTACHVGGGTWTCTAAT,P-044,DB22,cure,101-21M,Israel,human,stool,HiKapa,NA,26..4.23,101,DB22.044
DB22.028,19516.0,0.0,CGAGGGAAAGTC,GGACTACHVGGGTWTCTAAT,P-028,DB22,cure,075-24M,Israel,human,stool,HiKapa,NA,09.01.23,75,DB22.028
DB22.068,2057.0,0.0,CCACAGATCGAT,GGACTACHVGGGTWTCTAAT,P-068,DB22,IRON,C-209-1-4,Israel,human,stool,HiKapa,NA,NA,C-209,DB22.068
DB22.003,9251.0,0.0,ATCACCAGGTGT,GGACTACHVGGGTWTCTAAT,P-003,DB22,cure,009-24M,Israel,human,stool,HiKapa,NA,28.6.22,9,DB22.003
DB22.052,14777.0,0.0,ACTCACAGGAAT,GGACTACHVGGGTWTCTAAT,P-052,DB22,cure,114-12M,Israel,human,stool,HiKapa,NA,21.11.22,114,DB22.052
DB22.030,10.0,0.0,AGATTGACCAAC,GGACTACHVGGGTWTCTAAT,P-030,DB22,cure,078-30M,Israel,human,stool,HiKapa,NA,24.7.22,78,DB22.030
DB22.011,53627.0,0.0,AATTGTGTCGGA,GGACTACHVGGGTWTCTAAT,P-011,DB22,cure,048-30M,Israel,human,stool,HiKapa,NA,01.03.22,48,DB22.011
DB22.036,10790.0,0.0,CACTACGCTAGA,GGACTACHVGGGTWTCTAAT,P-036,DB22,cure,083-30M,Israel,human,stool,HiKapa,NA,21.2.22,83,DB22.036
DB22.045,7510.0,0.0,TCGGAATTAGAC,GGACTACHVGGGTWTCTAAT,P-045,DB22,cure,107-15M,Israel,human,stool,HiKapa,NA,6.4.22,107,DB22.045
DB22.037,1807.0,0.0,TGCAGTCCTCGA,GGACTACHVGGGTWTCTAAT,P-037,DB22,cure,090-15M,Israel,human,stool,HiKapa,NA,26.10.22,90,DB22.037
DB22.083,41683.0,0.0,GTTCTCTTCTCG,GGACTACHVGGGTWTCTAAT,P-083,DB22,IRON,C-251-2-2,Israel,human,stool,HiKapa,NA,NA,C-251,DB22.083
DB22.012,5661.0,0.0,TGCATACACTGG,GGACTACHVGGGTWTCTAAT,P-012,DB22,cure,052-24M,Israel,human,stool,HiKapa,NA,NA,52,DB22.012
DB22.004,10336.0,0.0,TGGTCAACGATA,GGACTACHVGGGTWTCTAAT,P-004,DB22,cure,012-36M,Israel,human,stool,HiKapa,NA,31.8.20,12,DB22.004
DB22.069,12477.0,0.0,TATCGACACAAG,GGACTACHVGGGTWTCTAAT,P-069,DB22,IRON,c-212-2,Israel,Human,Saliva,HiKapa,NA,15_02_2020,c-212,DB22.069
DB22.013,5.0,0.0,AGTCGAACGAGG,GGACTACHVGGGTWTCTAAT,P-013,DB22,cure,055-M3,Israel,human,stool,HiKapa,NA,17.2.22,55,DB22.013
DB22.005,9.0,0.0,ATCGCACAGTAA,GGACTACHVGGGTWTCTAAT,P-005,DB22,cure,014-18M,Israel,NA,NA,HiKapa,NA,31.5.22,14,DB22.005
DB22.053,16468.0,2.0,ATGATGAGCCTC,GGACTACHVGGGTWTCTAAT,P-053,DB22,cure,114-18M,Israel,human,stool,HiKapa,NA,30.06.22,115,DB22.053
DB22.015,15.0,0.0,GAATACCAAGTC,GGACTACHVGGGTWTCTAAT,P-015,DB22,cure,059-24M,Israel,human,stool,HiKapa,NA,20.1.23,59,DB22.015
DB22.038,1473.0,0.0,ACCATAGCTCCG,GGACTACHVGGGTWTCTAAT,P-038,DB22,cure,090-18M,Israel,human,stool,HiKapa,NA,NA,90,DB22.038
DB22.084,8040.0,0.0,CGTAAGATGCCT,GGACTACHVGGGTWTCTAAT,P-084,DB22,IRON,C-251-2-3,Israel,human,stool,HiKapa,NA,4_1_2023,C-251,DB22.084
DB22.046,9290.0,10.0,TGTGAATTCGGA,GGACTACHVGGGTWTCTAAT,P-046,DB22,cure,111-15M,Israel,human,stool,HiKapa,NA,27.10.22,111,DB22.046
DB22.016,40.0,0.0,GTAGATCGTGTA,GGACTACHVGGGTWTCTAAT,P-016,DB22,cure,059-30M,Israel,human,stool,HiKapa,NA,27.2.22,59,DB22.016
DB22.093,30318.0,33.0,TGGAGTAGGTGG,GGACTACHVGGGTWTCTAAT,P-093,DB22,ninAB,13_Stool,Israel,NA,NA,HiKapa,NA,NA,NA,DB22.093
DB22.085,60.0,2.0,GCGTTCTAGCTG,GGACTACHVGGGTWTCTAAT,P-085,DB22,controls,swab_control,Israel,control,swab,HiKapa,NA,NA,NA,DB22.085
DB22.017,7.0,0.0,TAACGTGTGTGC,GGACTACHVGGGTWTCTAAT,P-017,DB22,cure,060-24M,Israel,human,stool,HiKapa,NA,8.9.22,60,DB22.017
DB22.070,1489.0,0.0,GATTCCGGCTCA,GGACTACHVGGGTWTCTAAT,P-070,DB22,IRON,C-212-2-2,Israel,Human,Saliva,HiKapa,NA,NA,C-212,DB22.070
DB22.018,11.0,0.0,CATTATGGCGTG,GGACTACHVGGGTWTCTAAT,P-018,DB22,cure,060-30M,Israel,human,stool,HiKapa,NA,22.03.22,60,DB22.018
DB22.075,46911.0,0.0,AACTAGTTCAGG,GGACTACHVGGGTWTCTAAT,P-075,DB22,IRON,C-221-1,Israel,human,stool,HiKapa,NA,NA,C-221,DB22.075
DB22.047,4776.0,14.0,CATTCGTGGCGT,GGACTACHVGGGTWTCTAAT,P-047,DB22,cure,111-18M,Israel,human,stool,HiKapa,NA,29.3.22,111,DB22.047
DB22.006,11025.0,0.0,GTCGTGTAGCCT,GGACTACHVGGGTWTCTAAT,P-006,DB22,cure,014-36M,Israel,human,stool,HiKapa,NA,NA,14,DB22.006
DB22.054,11398.0,0.0,GTCGACAGAGGA,GGACTACHVGGGTWTCTAAT,P-054,DB22,cure,115-15M,Israel,human,stool,HiKapa,NA,20.10.22,115,DB22.054
DB22.007,5.0,0.0,AGCGGAGGTTAG,GGACTACHVGGGTWTCTAAT,P-007,DB22,cure,033-EOS,Israel,human,stool,HiKapa,NA,22.9.22,33,DB22.007
DB22.019,1445.0,0.0,CCAATACGCCTG,GGACTACHVGGGTWTCTAAT,P-019,DB22,cure,062-24M,Israel,human,stool,HiKapa,NA,8.9.22,62,DB22.019
DB22.020,14.0,0.0,GATCTGCGATCC,GGACTACHVGGGTWTCTAAT,P-020,DB22,cure,062-30M,Israel,human,stool,HiKapa,NA,2.6.22,62,DB22.020
DB22.039,15297.0,0.0,TCGACATCTCTT,GGACTACHVGGGTWTCTAAT,P-039,DB22,cure,093-EOS,Israel,human,stool,HiKapa,NA,NA,93,DB22.039
DB22.086,14450.0,43.0,GTTGTTCTGGGA,GGACTACHVGGGTWTCTAAT,P-086,DB22,ninAB,15_AG[p],Israel,NA,NA,HiKapa,NA,NA,NA,DB22.086
DB22.048,12647.0,0.0,TACTACGTGGCC,GGACTACHVGGGTWTCTAAT,P-048,DB22,cure,113-12M,Israel,human,stool,HiKapa,NA,22.09.22,113,DB22.048
DB22.094,20030.0,30.0,TTGGCTCTATTC,GGACTACHVGGGTWTCTAAT,P-094,DB22,ninAB,13_AG[n],Israel,NA,NA,HiKapa,NA,NA,NA,DB22.094
DB22.101,37481.0,0.0,ACTCCTTGTGTT,GGACTACHVGGGTWTCTAAT,P-101,DB22,ninAB,17_Stool,Israel,NA,NA,HiKapa,NA,NA,NA,DB22.101
DB22.076,15060.0,4.0,ATTCTGCCGAAG,GGACTACHVGGGTWTCTAAT,P-076,DB22,IRON,C-224-3,Israel,human,stool,HiKapa,NA,NA,C-224,DB22.076
DB22.055,17027.0,0.0,TGTCGCAAATAG,GGACTACHVGGGTWTCTAAT,P-055,DB22,cure,115-18M,Israel,human,stool,HiKapa,NA,20.10.22,115,DB22.055
DB22.040,12016.0,0.0,GAACACTTTGGA,GGACTACHVGGGTWTCTAAT,P-040,DB22,cure,093-3M,Israel,human,stool,HiKapa,NA,NA,93,DB22.040
DB22.111,33711.0,0.0,AGCTGTCAAGCT,GGACTACHVGGGTWTCTAAT,P-111,DB22,ninAB,37_A[n],Israel,NA,NA,HiKapa,NA,NA,NA,DB22.111
DB22.121,19431.0,0.0,GCAATTAGGTAC,GGACTACHVGGGTWTCTAAT,P-121,DB22,ninAB,38_A[n],Israel,NA,NA,HiKapa,NA,NA,NA,DB22.121
DB22.049,12249.0,0.0,GGCCAGTTCCTA,GGACTACHVGGGTWTCTAAT,P-049,DB22,cure,113-18M,Israel,human,stool,HiKapa,NA,26.12.21,113,DB22.049
DB22.077,7533.0,0.0,AGCATGTCCCGT,GGACTACHVGGGTWTCTAAT,P-077,DB22,IRON,C-224-4,Israel,human,stool,HiKapa,NA,NA,C-224,DB22.077
DB22.131,5660.0,0.0,ATCAGTACTAGG,GGACTACHVGGGTWTCTAAT,P-131,DB22,haya,A-029aft,Israel,human,NA,HiKapa,NA,NA,A-029,DB22.131
DB22.050,40.0,0.0,GATGTTCGCTAG,GGACTACHVGGGTWTCTAAT,P-050,DB22,cure,113-21M,Israel,human,stool,HiKapa,NA,14.4.22,113,DB22.050
DB22.056,10974.0,0.0,CATCCCTCTACT,GGACTACHVGGGTWTCTAAT,P-056,DB22,cure,116-18M,Israel,human,stool,HiKapa,NA,02.01.23,116,DB22.056
DB22.132,11.0,0.0,TCCTCGAGCGAT,GGACTACHVGGGTWTCTAAT,P-132,DB22,haya,A-029ori,Israel,human,NA,HiKapa,NA,NA,A-029,DB22.132
DB22.008,27482.0,10.0,ATCCTTTGGTTC,GGACTACHVGGGTWTCTAAT,P-008,DB22,cure,036-3M,Israel,NA,NA,HiKapa,NA,4.4.22,36,DB22.008
DB22.122,8820.0,0.0,CATACCGTGAGT,GGACTACHVGGGTWTCTAAT,P-122,DB22,ninAB,38_G[n],Israel,NA,NA,HiKapa,NA,NA,NA,DB22.122
DB22.095,23489.0,31.0,GATCCCACGTAC,GGACTACHVGGGTWTCTAAT,P-095,DB22,ninAB,14_Stool,Israel,NA,NA,HiKapa,NA,NA,NA,DB22.095
DB22.133,7000.0,0.0,ACCCAAGCGTTA,GGACTACHVGGGTWTCTAAT,P-133,DB22,haya,A-023aft,Israel,human,NA,HiKapa,NA,NA,A-023,DB22.133
DB22.123,179.0,0.0,ATGTGTGTAGAC,GGACTACHVGGGTWTCTAAT,P-123,DB22,ninAB,38_Bd[p],Israel,NA,NA,HiKapa,NA,NA,NA,DB22.123
DB22.078,11942.0,0.0,GTACGATATGAC,GGACTACHVGGGTWTCTAAT,P-078,DB22,IRON,C-226-1,Israel,Human,Saliva,HiKapa,NA,NA,C-226,DB22.078
DB22.102,26320.0,0.0,GTCACGGACATT,GGACTACHVGGGTWTCTAAT,P-102,DB22,ninAB,17_AG[n],Israel,NA,NA,HiKapa,NA,NA,NA,DB22.102
DB22.141,10109.0,0.0,GGATCGTAATAC,GGACTACHVGGGTWTCTAAT,P-141,DB22,haya,A-305aft_stool,Israel,human,stool,HiKapa,NA,NA,A-305,DB22.141
DB22.009,5856.0,626.0,TACAGCGCATAC,GGACTACHVGGGTWTCTAAT,P-009,DB22,cure,036-30M,Israel,human,stool,HiKapa,NA,16.01.22,36,DB22.009
DB22.112,20564.0,0.0,GAGAGCAACAGA,GGACTACHVGGGTWTCTAAT,P-112,DB22,ninAB,37_G[n],Israel,NA,NA,HiKapa,NA,NA,NA,DB22.112
DB22.124,3021.0,0.0,CCTGCGAAGTAT,GGACTACHVGGGTWTCTAAT,P-124,DB22,ninAB,38_AG[p],Israel,NA,NA,HiKapa,NA,NA,NA,DB22.124
DB22.113,184.0,0.0,TACTCGGGAACT,GGACTACHVGGGTWTCTAAT,P-113,DB22,ninAB,37_Bd[p],Israel,NA,NA,HiKapa,NA,NA,NA,DB22.113
DB22.125,142.0,0.0,TTCTCTCGACAT,GGACTACHVGGGTWTCTAAT,P-125,DB22,ninAB,38_A[p],Israel,NA,NA,HiKapa,NA,NA,NA,DB22.125
DB22.142,6139.0,0.0,GCATAGCATCAA,GGACTACHVGGGTWTCTAAT,P-142,DB22,haya,A-505ori,Israel,human,NA,HiKapa,NA,NA,A-505,DB22.142
DB22.126,77.0,0.0,GCTCTCCGTAGA,GGACTACHVGGGTWTCTAAT,P-126,DB22,ninAB,38_G[p],Israel,NA,NA,HiKapa,NA,NA,NA,DB22.126
DB22.151,4342.0,0.0,AGCTATGTATGG,GGACTACHVGGGTWTCTAAT,P-151,DB22,haya,A-052aft,Israel,human,NA,HiKapa,NA,NA,A-052,DB22.151
DB22.096,15379.0,15.0,TACCGCTTCTTC,GGACTACHVGGGTWTCTAAT,P-096,DB22,ninAB,14_AG[n],Israel,NA,NA,HiKapa,NA,NA,NA,DB22.096
DB22.057,20700.0,0.0,TATACCGCTGCG,GGACTACHVGGGTWTCTAAT,P-057,DB22,cure,116-21M,Israel,human,stool,HiKapa,NA,07.03.22,116,DB22.057
DB22.079,13509.0,0.0,GTGGTGGTTTCC,GGACTACHVGGGTWTCTAAT,P-079,DB22,IRON,C-226-2,Israel,human,stool,HiKapa,NA,NA,C-226,DB22.079
DB22.134,14542.0,0.0,TGCAGCAAGATT,GGACTACHVGGGTWTCTAAT,P-134,DB22,haya,A-023ori,Israel,human,NA,HiKapa,NA,NA,A-023,DB22.134
DB22.114,7579.0,0.0,CGTGCTTAGGCT,GGACTACHVGGGTWTCTAAT,P-114,DB22,ninAB,37_AG[p],Israel,NA,NA,HiKapa,NA,NA,NA,DB22.114
DB22.115,437.0,0.0,TACCGAAGGTAT,GGACTACHVGGGTWTCTAAT,P-115,DB22,ninAB,37_A[p],Israel,NA,NA,HiKapa,NA,NA,NA,DB22.115
DB22.152,5178.0,0.0,ACGGGTCATCAT,GGACTACHVGGGTWTCTAAT,P-152,DB22,haya,A-052ori,Israel,human,NA,HiKapa,NA,NA,A-052,DB22.152
DB22.080,967.0,0.0,TAGTATGCGCAA,GGACTACHVGGGTWTCTAAT,P-080,DB22,IRON,C-226-3,Israel,human,stool,HiKapa,NA,NA,C-226,DB22.080
DB22.116,141.0,0.0,CACTCATCATTC,GGACTACHVGGGTWTCTAAT,P-116,DB22,ninAB,37_G[p],Israel,NA,NA,HiKapa,NA,NA,NA,DB22.116
DB22.087,47398.0,0.0,GGACTTCCAGCT,GGACTACHVGGGTWTCTAAT,P-087,DB22,ninAB,36_A[p],Israel,NA,NA,HiKapa,NA,NA,NA,DB22.087
DB22.117,15.0,0.0,GTATTTCGGACG,GGACTACHVGGGTWTCTAAT,P-117,DB22,ninAB,38_BSA,Israel,NA,NA,HiKapa,NA,NA,NA,DB22.117
DB22.127,14410.0,0.0,GTTAAGCTGACC,GGACTACHVGGGTWTCTAAT,P-127,DB22,haya,A-031aft,Israel,human,NA,HiKapa,NA,NA,A-031,DB22.127
DB22.103,24794.0,2.0,GCGAGCGAAGTA,GGACTACHVGGGTWTCTAAT,P-103,DB22,ninAB,24_Bd[n],Israel,NA,NA,HiKapa,NA,NA,NA,DB22.103
DB22.128,38.0,0.0,ATGCCATGCCGT,GGACTACHVGGGTWTCTAAT,P-128,DB22,haya,A-031ori,Israel,human,NA,HiKapa,NA,NA,A-031,DB22.128
DB22.143,15994.0,0.0,GTGTTAGATGTG,GGACTACHVGGGTWTCTAAT,P-143,DB22,haya,A-022aft,Israel,human,NA,HiKapa,NA,NA,A-022,DB22.143
DB22.161,6321.0,0.0,ACACGCGGTTTA,GGACTACHVGGGTWTCTAAT,P-161,DB22,haya,017-S2aft,Israel,human,NA,HiKapa,NA,NA,17,DB22.161
DB22.058,14257.0,6.0,AGTTGAGGCATT,GGACTACHVGGGTWTCTAAT,P-058,DB22,cure,117-12M,Israel,human,stool,HiKapa,NA,5.7.22,117,DB22.058
DB22.153,4821.0,0.0,GAAACATCCCAC,GGACTACHVGGGTWTCTAAT,P-153,DB22,haya,A056aft,Israel,human,NA,HiKapa,NA,NA,A056,DB22.153
DB22.135,13643.0,0.0,AGCAACATTGCA,GGACTACHVGGGTWTCTAAT,P-135,DB22,haya,A-014aft,Israel,human,NA,HiKapa,NA,NA,A-014,DB22.135
DB22.088,8786.0,0.0,CTCACAACCGTG,GGACTACHVGGGTWTCTAAT,P-088,DB22,ninAB,8_Stool,Israel,NA,NA,HiKapa,NA,NA,NA,DB22.088
DB22.136,21.0,0.0,GATGTGGTGTTA,GGACTACHVGGGTWTCTAAT,P-136,DB22,haya,A-014ori,Israel,human,NA,HiKapa,NA,NA,A-014,DB22.136
DB22.154,6584.0,0.0,CGTACTCTCGAG,GGACTACHVGGGTWTCTAAT,P-154,DB22,haya,A056ori,Israel,human,NA,HiKapa,NA,NA,A056,DB22.154
DB22.162,8698.0,0.0,TGGCAAATCTAG,GGACTACHVGGGTWTCTAAT,P-162,DB22,haya,017-S2ori,Israel,human,NA,HiKapa,NA,NA,17,DB22.162
DB22.104,13915.0,0.0,ATCTACCGAAGC,GGACTACHVGGGTWTCTAAT,P-104,DB22,ninAB,24_A[n],Israel,NA,NA,HiKapa,NA,NA,NA,DB22.104
DB22.129,10228.0,0.0,GACATTGTCACG,GGACTACHVGGGTWTCTAAT,P-129,DB22,haya,A-026aft,Israel,human,NA,HiKapa,NA,NA,A-026,DB22.129
DB22.144,12500.0,0.0,TTAGAGCCATGC,GGACTACHVGGGTWTCTAAT,P-144,DB22,haya,A-022ori,Israel,human,NA,HiKapa,NA,NA,A-022,DB22.144
DB22.059,11594.0,4.0,ACAATAGACACC,GGACTACHVGGGTWTCTAAT,P-059,DB22,cure,117-15M,Israel,human,stool,HiKapa,NA,3.1.23,117,DB22.059
DB22.118,20970.0,0.0,TATCTATCCTGC,GGACTACHVGGGTWTCTAAT,P-118,DB22,ninAB,38_Stool,Israel,NA,NA,HiKapa,NA,NA,NA,DB22.118
DB22.137,9325.0,0.0,CAGAAATGTGTC,GGACTACHVGGGTWTCTAAT,P-137,DB22,haya,A-057aft,Israel,human,NA,HiKapa,NA,NA,A-057,DB22.137
DB22.163,4863.0,0.0,CACCTTACCTTA,GGACTACHVGGGTWTCTAAT,P-163,DB22,haya,067-S,Israel,human,NA,HiKapa,NA,NA,67,DB22.163
DB22.155,5775.0,5.0,TCAGTTCTCGTT,GGACTACHVGGGTWTCTAAT,P-155,DB22,haya,061-Saft,Israel,human,NA,HiKapa,NA,NA,61,DB22.155
DB22.130,4451.0,0.0,GCCAACAACCAT,GGACTACHVGGGTWTCTAAT,P-130,DB22,haya,A-026ori,Israel,human,NA,HiKapa,NA,NA,A-026,DB22.130
DB22.097,34810.0,89.0,TGTGCGATAACA,GGACTACHVGGGTWTCTAAT,P-097,DB22,ninAB,15_Stool,Israel,NA,NA,HiKapa,NA,NA,NA,DB22.097
DB22.156,9.0,0.0,TCGTGCGTGTTG,GGACTACHVGGGTWTCTAAT,P-156,DB22,haya,061-Sori,Israel,human,NA,HiKapa,NA,NA,61,DB22.156
DB22.145,4199.0,0.0,TGAACCCTATGG,GGACTACHVGGGTWTCTAAT,P-145,DB22,haya,A-301aft,Israel,NA,NA,HiKapa,NA,NA,A-301,DB22.145
DB22.060,9817.0,2.0,CGGTCAATTGAC,GGACTACHVGGGTWTCTAAT,P-060,DB22,cure,117-21M,Israel,human,stool,HiKapa,NA,7.6.22,117,DB22.060
DB22.164,6850.0,0.0,TTAACCTTCCTG,GGACTACHVGGGTWTCTAAT,P-164,DB22,haya,067-S,Israel,human,NA,HiKapa,NA,NA,67,DB22.164
DB22.171,3976.0,0.0,TGGGTCCCACAT,GGACTACHVGGGTWTCTAAT,P-171,DB22,haya,A-505aft,Israel,NA,NA,HiKapa,NA,NA,A-505,DB22.171
DB22.119,14787.0,0.0,TTGCCAAGAGTC,GGACTACHVGGGTWTCTAAT,P-119,DB22,ninAB,38_Bd[n],Israel,NA,NA,HiKapa,NA,NA,NA,DB22.119
DB22.157,7385.0,0.0,GTTATCGCATGG,GGACTACHVGGGTWTCTAAT,P-157,DB22,haya,A-046aft,Israel,human,NA,HiKapa,NA,NA,A-046,DB22.157
DB22.165,8.0,0.0,TGCCGTATGCCA,GGACTACHVGGGTWTCTAAT,P-165,DB22,haya,A035aft,Israel,human,NA,HiKapa,NA,NA,A035,DB22.165
DB22.146,6463.0,0.0,AGAGTCTTGCCA,GGACTACHVGGGTWTCTAAT,P-146,DB22,haya,A-301ori,Israel,NA,NA,HiKapa,NA,NA,A-301,DB22.146
DB22.181,1758.0,0.0,GCTTGAGCTTGA,GGACTACHVGGGTWTCTAAT,P-181,DB22,haya,A-305aft_saliva,Israel,human,saliva,HiKapa,NA,NA,A-305,DB22.181
DB22.120,20.0,0.0,AGTAGCGGAAGA,GGACTACHVGGGTWTCTAAT,P-120,DB22,ninAB,38_AG[n],Israel,NA,NA,HiKapa,NA,NA,NA,DB22.120
DB22.182,9.0,0.0,CGCTGTGGATTA,GGACTACHVGGGTWTCTAAT,P-182,DB22,haya,A-305ori,Israel,human,NA,HiKapa,NA,NA,A-305,DB22.182
DB22.105,20894.0,0.0,ACTTGGTGTAAG,GGACTACHVGGGTWTCTAAT,P-105,DB22,ninAB,24_G[n],Israel,NA,NA,HiKapa,NA,NA,NA,DB22.105
DB22.138,13800.0,0.0,GTAGAGGTAGAG,GGACTACHVGGGTWTCTAAT,P-138,DB22,haya,A-057ori,Israel,human,NA,HiKapa,NA,NA,A-057,DB22.138
DB22.147,6297.0,0.0,ACAACACTCCGA,GGACTACHVGGGTWTCTAAT,P-147,DB22,haya,032-saft,Israel,human,NA,HiKapa,NA,NA,32,DB22.147
DB22.166,5593.0,0.0,CGTGACAATAGT,GGACTACHVGGGTWTCTAAT,P-166,DB22,haya,A035ori,Israel,human,NA,HiKapa,NA,NA,A035,DB22.166
DB22.158,5184.0,0.0,GATCACGAGAGG,GGACTACHVGGGTWTCTAAT,P-158,DB22,haya,A-046ori,Israel,human,NA,HiKapa,NA,NA,A-046,DB22.158
DB22.089,42532.0,0.0,CTGCTATTCCTC,GGACTACHVGGGTWTCTAAT,P-089,DB22,ninAB,9_Stool,Israel,NA,NA,HiKapa,NA,NA,NA,DB22.089
DB22.172,3760.0,0.0,CACTGGTGCATA,GGACTACHVGGGTWTCTAAT,P-172,DB22,haya,A-505ori,Israel,NA,NA,HiKapa,NA,NA,A-505,DB22.172
DB22.167,4.0,0.0,CGCTACAACTCG,GGACTACHVGGGTWTCTAAT,P-167,DB22,haya,A-503aft,Israel,human,NA,HiKapa,NA,NA,A-503,DB22.167
DB22.191,7330.0,0.0,CGATCTTCGAGC,GGACTACHVGGGTWTCTAAT,P-191,DB22,haya,A-278aft,Israel,human,NA,HiKapa,NA,NA,A-278,DB22.191
DB22.098,23440.0,44.0,GATTATCGACGA,GGACTACHVGGGTWTCTAAT,P-098,DB22,ninAB,15_AG[n],Israel,NA,NA,HiKapa,NA,NA,NA,DB22.098
DB22.168,849.0,0.0,TTAAGACAGTCG,GGACTACHVGGGTWTCTAAT,P-168,DB22,haya,A-503ori,Israel,human,NA,HiKapa,NA,NA,A-503,DB22.168
DB22.173,959.0,0.0,AACGTAGGCTCT,GGACTACHVGGGTWTCTAAT,P-173,DB22,haya,A-444aft,Israel,human,NA,HiKapa,NA,NA,A-444,DB22.173
DB22.184,10061.0,0.0,ACGATTCGAGTC,GGACTACHVGGGTWTCTAAT,P-184,DB22,haya,A043ori,Israel,human,NA,HiKapa,NA,NA,A043,DB22.184
DB22.139,10790.0,0.0,CGTGATCCGCTA,GGACTACHVGGGTWTCTAAT,P-139,DB22,haya,A-015aft,Israel,human,NA,HiKapa,NA,NA,A-015,DB22.139
DB22.174,4.0,0.0,AGTTGTAGTCCG,GGACTACHVGGGTWTCTAAT,P-174,DB22,haya,A-444ori,Israel,human,NA,HiKapa,NA,NA,A-444,DB22.174
DB22.185,12.0,0.0,GGTTCGGTCCAT,GGACTACHVGGGTWTCTAAT,P-185,DB22,haya,A048aft,Israel,NA,NA,HiKapa,NA,NA,A048,DB22.185
DB22.149,9050.0,0.0,ACGACTGCATAA,GGACTACHVGGGTWTCTAAT,P-149,DB22,haya,A020aft,Israel,human,NA,HiKapa,NA,NA,A020,DB22.149
DB22.159,4768.0,0.0,GTAAATTCAGGC,GGACTACHVGGGTWTCTAAT,P-159,DB22,haya,A036aft,Israel,human,NA,HiKapa,NA,NA,A036,DB22.159
DB22.140,111.0,0.0,GGTTATTTGGCG,GGACTACHVGGGTWTCTAAT,P-140,DB22,haya,A-015ori,Israel,human,NA,HiKapa,NA,NA,A-015,DB22.140
DB22.192,6248.0,0.0,GTCGAATTTGCG,GGACTACHVGGGTWTCTAAT,P-192,DB22,haya,A-278ori,Israel,human,NA,HiKapa,NA,NA,A-278,DB22.192
DB22.090,13229.0,0.0,ATGTCACCGCTG,GGACTACHVGGGTWTCTAAT,P-090,DB22,ninAB,10_AG[n],Israel,NA,NA,HiKapa,NA,NA,NA,DB22.090
DB22.169,946.0,0.0,TCTGCACTGAGC,GGACTACHVGGGTWTCTAAT,P-169,DB22,haya,A-308aft,Israel,human,NA,HiKapa,NA,NA,A-308,DB22.169
DB22.160,4791.0,0.0,AGTGTTTCGGAC,GGACTACHVGGGTWTCTAAT,P-160,DB22,haya,A036ori,Israel,human,NA,HiKapa,NA,NA,A036,DB22.160
DB22.150,3644.0,0.0,ACGCGAACTAAT,GGACTACHVGGGTWTCTAAT,P-150,DB22,haya,A020ori,Israel,human,NA,HiKapa,NA,NA,A020,DB22.150
DB22.193,7609.0,0.0,GCATCAGAGTTA,GGACTACHVGGGTWTCTAAT,P-193,DB22,haya,A-392aft,Israel,human,NA,HiKapa,NA,NA,A-392,DB22.193
DB22.175,4381.0,0.0,TCGTCAAACCCG,GGACTACHVGGGTWTCTAAT,P-175,DB22,haya,A-309aft,Israel,human,NA,HiKapa,NA,NA,A-309,DB22.175
DB22.201,8064.0,0.0,CGACTCTAAACG,GGACTACHVGGGTWTCTAAT,P-201,DB22,haya,A-461aft,Israel,human,NA,HiKapa,NA,NA,A-461,DB22.201
DB22.170,2736.0,0.0,CGCAGATTAGTA,GGACTACHVGGGTWTCTAAT,P-170,DB22,haya,A-308ori,Israel,human,NA,HiKapa,NA,NA,A-308,DB22.170
DB22.186,9882.0,0.0,CTGATCCATCTT,GGACTACHVGGGTWTCTAAT,P-186,DB22,haya,A048ori,Israel,NA,NA,HiKapa,NA,NA,A048,DB22.186
DB22.106,29257.0,0.0,TCTTGGAGGTCA,GGACTACHVGGGTWTCTAAT,P-106,DB22,ninAB,25_Stool,Israel,NA,NA,HiKapa,NA,NA,NA,DB22.106
DB22.187,2.0,0.0,TATGTGCCGGCT,GGACTACHVGGGTWTCTAAT,P-187,DB22,haya,A-034aft,Israel,human,NA,HiKapa,NA,NA,A-034,DB22.187
DB22.188,5.0,0.0,TGGTCGCATCGT,GGACTACHVGGGTWTCTAAT,P-188,DB22,haya,A-034ori,Israel,human,NA,HiKapa,NA,NA,A-034,DB22.188
DB22.099,25790.0,0.0,GCCTAGCCCAAT,GGACTACHVGGGTWTCTAAT,P-099,DB22,ninAB,16_Stool,Israel,NA,NA,HiKapa,NA,NA,NA,DB22.099
DB22.107,8.0,0.0,TCACCTCCTTGT,GGACTACHVGGGTWTCTAAT,P-107,DB22,ninAB,37_BSA,Israel,NA,NA,HiKapa,NA,NA,NA,DB22.107
DB22.211,14590.0,0.0,TGCACGTGATAA,GGACTACHVGGGTWTCTAAT,P-211,DB22,seker,SK0005F1222,Israel,human,stool,HiKapa,NA,13-12-22,SK0005,DB22.211
DB22.221,7875.0,29.0,CAACGTGCTCCA,GGACTACHVGGGTWTCTAAT,P-221,DB22,seker,SK0020F1222,Israel,human,stool,HiKapa,NA,20-12-22,SK0020,DB22.221
DB22.231,8846.0,0.0,GTGTTCCCAGAA,GGACTACHVGGGTWTCTAAT,P-231,DB22,seker,SK0031F0123,Israel,human,stool,HiKapa,NA,NA,SK0031,DB22.231
DB22.176,7009.0,0.0,TAATCGGTGCCA,GGACTACHVGGGTWTCTAAT,P-176,DB22,haya,A-309ori,Israel,human,NA,HiKapa,NA,NA,A-309,DB22.176
DB22.194,8871.0,0.0,GTGGTCATCGTA,GGACTACHVGGGTWTCTAAT,P-194,DB22,haya,A-392ori,Israel,human,NA,HiKapa,NA,NA,A-392,DB22.194
DB22.232,1265.0,0.0,CCGAGGTATAAT,GGACTACHVGGGTWTCTAAT,P-232,DB22,seker,SK0032F0123,Israel,human,stool,HiKapa,NA,NA,SK0032,DB22.232
DB22.202,11176.0,0.0,GTCTTCAGCAAG,GGACTACHVGGGTWTCTAAT,P-202,DB22,haya,A-461ori,Israel,human,NA,HiKapa,NA,NA,A-461,DB22.202
DB22.241,8200.0,6.0,GCCGTAAACTTG,GGACTACHVGGGTWTCTAAT,P-241,DB22,seker,SK0041F0123,Israel,human,stool,HiKapa,NA,NA,SK0041,DB22.241
DB22.190,5042.0,0.0,CGGATCTAGTGT,GGACTACHVGGGTWTCTAAT,P-190,DB22,haya,A-345ori,Israel,human,NA,HiKapa,NA,NA,A-345,DB22.190
DB22.177,880.0,0.0,TTGATCCGGTAG,GGACTACHVGGGTWTCTAAT,P-177,DB22,haya,A-504aft,Israel,NA,NA,HiKapa,NA,NA,A-504,DB22.177
DB22.108,4367.0,0.0,GCACACCTGATA,GGACTACHVGGGTWTCTAAT,P-108,DB22,ninAB,37_Stool,Israel,NA,NA,HiKapa,NA,NA,NA,DB22.108
DB22.178,7.0,0.0,CGGGTGTTTGCT,GGACTACHVGGGTWTCTAAT,P-178,DB22,haya,A-504ori,Israel,NA,NA,HiKapa,NA,NA,A-504,DB22.178
DB22.195,5962.0,0.0,CTGAAGGGCGAA,GGACTACHVGGGTWTCTAAT,P-195,DB22,haya,A-192aft,Israel,human,NA,HiKapa,NA,NA,A-192,DB22.195
DB22.252,22.0,0.0,CTATCATCCTCA,GGACTACHVGGGTWTCTAAT,P-252,DB22,seker,SK0054F0123,Israel,human,stool,HiKapa,NA,31-01-24,SK0054,DB22.252
DB22.212,9874.0,13.0,GTTCGGTGTCCA,GGACTACHVGGGTWTCTAAT,P-212,DB22,seker,SK0006F1222,Israel,human,stool,HiKapa,NA,13-12-22,SK0006,DB22.212
DB22.222,10168.0,0.0,TACACAAGTCGC,GGACTACHVGGGTWTCTAAT,P-222,DB22,seker,SK0021F1222,Israel,human,stool,HiKapa,NA,20-12-22,SK0021,DB22.222
DB22.203,4130.0,0.0,CGGATAACCTCC,GGACTACHVGGGTWTCTAAT,P-203,DB22,haya,A-416aft,Israel,human,NA,HiKapa,NA,NA,A-416,DB22.203
DB22.196,102.0,0.0,CGCTCACAGAAT,GGACTACHVGGGTWTCTAAT,P-196,DB22,haya,A-192ori,Israel,human,NA,HiKapa,NA,NA,A-192,DB22.196
DB22.242,4241.0,0.0,GCAGATTTCCAG,GGACTACHVGGGTWTCTAAT,P-242,DB22,seker,SK0042F0123,Israel,human,stool,HiKapa,NA,NA,SK0042,DB22.242
DB22.197,6.0,0.0,ATTCGGTAGTGC,GGACTACHVGGGTWTCTAAT,P-197,DB22,haya,A-173aft,Israel,human,NA,HiKapa,NA,NA,A-173,DB22.197
DB22.179,1679.0,0.0,TTGACCGCGGTT,GGACTACHVGGGTWTCTAAT,P-179,DB22,haya,A-306aft,Israel,human,NA,HiKapa,NA,NA,A-306,DB22.179
DB22.204,8.0,0.0,AGGGTGACTTTA,GGACTACHVGGGTWTCTAAT,P-204,DB22,haya,A-416ori,Israel,human,NA,HiKapa,NA,NA,A-416,DB22.204
DB22.253,1653.0,0.0,ACTCTAGCCGGT,GGACTACHVGGGTWTCTAAT,P-253,DB22,seker,SK0055F0123,Israel,human,stool,HiKapa,NA,31-01-24,SK0055,DB22.253
DB22.223,4318.0,160.0,GCGTCCATGAAT,GGACTACHVGGGTWTCTAAT,P-223,DB22,seker,SK0022F1222,Israel,human,stool,HiKapa,NA,20-12-22,SK0022,DB22.223
DB22.233,12047.0,0.0,AGCGTAATTAGC,GGACTACHVGGGTWTCTAAT,P-233,DB22,seker,SK0033F0123,Israel,human,stool,HiKapa,NA,NA,SK0033,DB22.233
DB22.100,21037.0,0.0,GATGTATGTGGT,GGACTACHVGGGTWTCTAAT,P-100,DB22,ninAB,16_AG[n],Israel,NA,NA,HiKapa,NA,NA,NA,DB22.100
DB22.109,12847.0,0.0,GCGACAATTACA,GGACTACHVGGGTWTCTAAT,P-109,DB22,ninAB,37_Bd[n],Israel,NA,NA,HiKapa,NA,NA,NA,DB22.109
DB22.205,5185.0,0.0,GACTTCATGCGA,GGACTACHVGGGTWTCTAAT,P-205,DB22,haya,A-508aft,Israel,NA,NA,HiKapa,NA,NA,A-508,DB22.205
DB22.206,14.0,0.0,GCCTGTCTGCAA,GGACTACHVGGGTWTCTAAT,P-206,DB22,haya,A-508ori,Israel,NA,NA,HiKapa,NA,30-11-22,A-508,DB22.206
DB22.198,8033.0,0.0,CGAGCTGTTACC,GGACTACHVGGGTWTCTAAT,P-198,DB22,haya,A-173ori,Israel,human,NA,HiKapa,NA,NA,A-173,DB22.198
DB22.254,5579.0,17.0,CGATAGGCCTTA,GGACTACHVGGGTWTCTAAT,P-254,DB22,seker,SK0056F0123,Israel,human,stool,HiKapa,NA,31-01-24,SK0056,DB22.254
DB22.180,4042.0,0.0,GTGCAACCAATC,GGACTACHVGGGTWTCTAAT,P-180,DB22,haya,A-306ori,Israel,human,NA,HiKapa,NA,NA,A-306,DB22.180
DB22.213,12851.0,13.0,AAGACAGCTATC,GGACTACHVGGGTWTCTAAT,P-213,DB22,seker,SK0007F1222,Israel,human,stool,HiKapa,NA,13-12-22,SK0007,DB22.213
DB22.243,10269.0,0.0,AGATGATCAGTC,GGACTACHVGGGTWTCTAAT,P-243,DB22,seker,SK0043F0123,Israel,human,stool,HiKapa,NA,NA,SK0043,DB22.243
DB22.255,17.0,0.0,AATGACCTCGTG,GGACTACHVGGGTWTCTAAT,P-255,DB22,seker,SK0058F0123,Israel,human,stool,HiKapa,NA,31-01-24,SK0058,DB22.255
DB22.234,6951.0,0.0,CTCGTGAATGAC,GGACTACHVGGGTWTCTAAT,P-234,DB22,seker,SK0034F0123,Israel,human,stool,HiKapa,NA,NA,SK0034,DB22.234
DB22.224,8710.0,0.0,GTAATGCGTAAC,GGACTACHVGGGTWTCTAAT,P-224,DB22,seker,SK0023F1222,Israel,human,stool,HiKapa,NA,20-12-22,SK0023,DB22.224
DB22.261,9597.0,0.0,GGTCTCCTACAG,GGACTACHVGGGTWTCTAAT,P-261,DB22,seker,SK0064F0223,Israel,human,stool,HiKapa,NA,NA,SK0064,DB22.261
DB22.199,5628.0,0.0,CAACACATGCTG,GGACTACHVGGGTWTCTAAT,P-199,DB22,haya,A-058aft,Israel,human,NA,HiKapa,NA,NA,A-058,DB22.199
DB22.244,2892.0,0.0,GAGACGTGTTCT,GGACTACHVGGGTWTCTAAT,P-244,DB22,seker,SK0044F0123,Israel,human,stool,HiKapa,NA,NA,SK0044,DB22.244
DB22.235,1349.0,0.0,AGGTGAGTTCTA,GGACTACHVGGGTWTCTAAT,P-235,DB22,seker,SK0035F0123,Israel,human,stool,HiKapa,NA,NA,SK0035,DB22.235
DB22.256,2667.0,0.0,CTTAGGCATGTG,GGACTACHVGGGTWTCTAAT,P-256,DB22,seker,SK0059F0123,Israel,human,stool,HiKapa,NA,NA,SK0059,DB22.256
DB22.271,8227.0,0.0,CATCATACGGGT,GGACTACHVGGGTWTCTAAT,P-271,DB22,seker_controls,A341_feb20,Israel,Human,Saliva,HiKapa,NA,06.07.2022,A341,DB22.271
DB22.110,17808.0,0.0,TCATGCTCCATT,GGACTACHVGGGTWTCTAAT,P-110,DB22,ninAB,37_AG[n],Israel,NA,NA,HiKapa,NA,NA,NA,DB22.110
DB22.225,7090.0,0.0,GTCGCCGTACAT,GGACTACHVGGGTWTCTAAT,P-225,DB22,seker,SK0024F1222,Israel,human,stool,HiKapa,NA,20-12-22,SK0024,DB22.225
DB22.214,11469.0,16.0,ATTGACCGGTCA,GGACTACHVGGGTWTCTAAT,P-214,DB22,seker,SK0009F1222,Israel,human,stool,HiKapa,NA,13-12-22,SK0009,DB22.214
DB22.200,5072.0,0.0,ATTCTCTCACGT,GGACTACHVGGGTWTCTAAT,P-200,DB22,haya,A-058ori,Israel,human,NA,HiKapa,NA,NA,A-058,DB22.200
DB22.207,13232.0,0.0,ACTGATGGCCTC,GGACTACHVGGGTWTCTAAT,P-207,DB22,seker,SK0001F1122,Israel,human,stool,HiKapa,NA,30-11-22,SK0001,DB22.207
DB22.208,7.0,0.0,TTCGATGCCGCA,GGACTACHVGGGTWTCTAAT,P-208,DB22,seker,SK0002F1122,Israel,human,stool,HiKapa,NA,NA,SK0002,DB22.208
DB22.245,7144.0,9.0,TATCACCGGCAC,GGACTACHVGGGTWTCTAAT,P-245,DB22,seker,SK0046F0123,Israel,human,stool,HiKapa,NA,NA,SK0046,DB22.245
DB22.281,2597.0,143.0,ACCTTACACCTT,GGACTACHVGGGTWTCTAAT,P-281,DB22,seker_controls,A488,Israel,human,stool,HiKapa,NA,44963,A488,DB22.281
DB22.236,7092.0,35.0,CCTGTCCTATCT,GGACTACHVGGGTWTCTAAT,P-236,DB22,seker,SK0036F0123,Israel,human,stool,HiKapa,NA,NA,SK0036,DB22.236
DB22.257,9600.0,0.0,CCAGATATAGCA,GGACTACHVGGGTWTCTAAT,P-257,DB22,seker,SK0060F0223,Israel,human,stool,HiKapa,NA,NA,SK0060,DB22.257
DB22.272,7926.0,0.0,TACGGATTATGG,GGACTACHVGGGTWTCTAAT,P-272,DB22,seker_controls,A442,Israel,human,stool,HiKapa,NA,09.07.2022,A442,DB22.272
DB22.292,2849.0,0.0,ATTATCGTCCCT,GGACTACHVGGGTWTCTAAT,P-292,DB22,IRON,C-227-2-1,Israel,human,stool,HiKapa,NA,14_11_2022,C-227,DB22.292
DB22.262,13384.0,0.0,ACTGACTTAAGG,GGACTACHVGGGTWTCTAAT,P-262,DB22,seker,SK0066F0223,Israel,human,stool,HiKapa,NA,NA,SK0066,DB22.262
DB22.226,9053.0,60.0,GGAATCCGATTA,GGACTACHVGGGTWTCTAAT,P-226,DB22,seker,SK0025F1222,Israel,human,stool,HiKapa,NA,20-12-22,SK0025,DB22.226
DB22.215,9282.0,166.0,TTCTCCATCACA,GGACTACHVGGGTWTCTAAT,P-215,DB22,seker,SK0008F1222,Israel,human,stool,HiKapa,NA,13-12-22,SK0008,DB22.215
DB22.209,7238.0,0.0,TGTGGCTCGTGT,GGACTACHVGGGTWTCTAAT,P-209,DB22,seker,SK0003F1222,Israel,human,stool,HiKapa,NA,NA,SK0003,DB22.209
DB22.293,3814.0,32.0,CCAGACCGCTAT,GGACTACHVGGGTWTCTAAT,P-293,DB22,IRON,C-250-1-2,Israel,human,stool,HiKapa,NA,NA,C-250,DB22.293
DB22.246,10212.0,0.0,TATGCCAGAGAT,GGACTACHVGGGTWTCTAAT,P-246,DB22,seker,SK0047F0123,Israel,human,stool,HiKapa,NA,NA,SK0047,DB22.246
DB22.237,8804.0,83.0,GGTTTAACACGC,GGACTACHVGGGTWTCTAAT,P-237,DB22,seker,SK0037F0123,Israel,human,stool,HiKapa,NA,NA,SK0037,DB22.237
DB22.273,11639.0,22.0,ATAGCGAACTCA,GGACTACHVGGGTWTCTAAT,P-273,DB22,seker_controls,A443,Israel,human,stool,HiKapa,NA,09.07.2022,A443,DB22.273
DB22.282,12963.0,0.0,GTAGGTGCTTAC,GGACTACHVGGGTWTCTAAT,P-282,DB22,seker_controls,A309,Israel,human,stool,HiKapa,NA,NA,A309,DB22.282
DB22.247,5084.0,0.0,AGGTCCAAATCA,GGACTACHVGGGTWTCTAAT,P-247,DB22,seker,SK0048F0123,Israel,human,stool,HiKapa,NA,NA,SK0048,DB22.247
DB22.258,12465.0,0.0,GAGAGTCCACTT,GGACTACHVGGGTWTCTAAT,P-258,DB22,seker,SK0061F0223,Israel,human,stool,HiKapa,NA,NA,SK0061,DB22.258
DB22.294,2959.0,0.0,AGCTCTAGAAAC,GGACTACHVGGGTWTCTAAT,P-294,DB22,NA,SK0058_F1_23,Israel,human,stool,HiKapa,NA,NA,sk0058,DB22.294
DB22.210,3351.0,0.0,AACTTTCAGGAG,GGACTACHVGGGTWTCTAAT,P-210,DB22,seker,SK0004F1222,Israel,human,stool,HiKapa,NA,13-12-22,SK0004,DB22.210
DB22.227,9424.0,0.0,CACCCGATGGTT,GGACTACHVGGGTWTCTAAT,P-227,DB22,seker,SK0026F1222,Israel,human,stool,HiKapa,NA,NA,SK0026,DB22.227
DB22.263,11842.0,8.0,GATGCTGCCGTT,GGACTACHVGGGTWTCTAAT,P-263,DB22,seker,SK0067F0223,Israel,human,stool,HiKapa,NA,NA,SK0067,DB22.263
DB22.216,9172.0,73.0,CGTAGGTAGAGG,GGACTACHVGGGTWTCTAAT,P-216,DB22,seker,SK0010F1222,Israel,human,stool,HiKapa,NA,13-12-22,SK0010,DB22.216
DB22.248,3857.0,167.0,ACCGTGCTCACA,GGACTACHVGGGTWTCTAAT,P-248,DB22,seker,SK0049F0123,Israel,human,stool,HiKapa,NA,NA,SK0049,DB22.248
DB22.259,4333.0,0.0,GAACGGGACGTA,GGACTACHVGGGTWTCTAAT,P-259,DB22,seker,SK0062F0223,Israel,human,stool,HiKapa,NA,NA,SK0062,DB22.259
DB22.302,7445.0,0.0,TGTATCTTCACC,GGACTACHVGGGTWTCTAAT,P-302,DB22,haya,032-sori,Israel,human,NA,HiKapa,NA,00/06/22,32,DB22.302
DB22.238,11096.0,0.0,AGACAGTAGGAG,GGACTACHVGGGTWTCTAAT,P-238,DB22,seker,SK0038F0123,Israel,human,stool,HiKapa,NA,NA,SK0038,DB22.238
DB22.228,7165.0,0.0,TTCTGAGAGGTA,GGACTACHVGGGTWTCTAAT,P-228,DB22,seker,SK0027F0123,Israel,human,stool,HiKapa,NA,NA,SK0027,DB22.228
DB22.264,6692.0,0.0,TTCCTAGGCCAG,GGACTACHVGGGTWTCTAAT,P-264,DB22,seker,SK0068F0223,Israel,human,stool,HiKapa,NA,7/2/23,SK0068,DB22.264
DB22.295,10483.0,0.0,TCCATCGACGTG,GGACTACHVGGGTWTCTAAT,P-295,DB22,NA,SK0063_F2_23,Israel,human,stool,HiKapa,NA,NA,sk0063,DB22.295
DB22.229,12.0,0.0,ATCCCTACGGAA,GGACTACHVGGGTWTCTAAT,P-229,DB22,seker,SK0028F0123,Israel,human,stool,HiKapa,NA,NA,SK0028,DB22.229
DB22.274,12779.0,2.0,TAACGCTGTGTG,GGACTACHVGGGTWTCTAAT,P-274,DB22,seker_controls,A447,Israel,human,stool,HiKapa,NA,NA,A447,DB22.274
DB22.283,13744.0,16.0,CGCATTTGGATG,GGACTACHVGGGTWTCTAAT,P-283,DB22,cure,117-M21,Israel,human,stool,HiKapa,NA,NA,117,DB22.283
DB22.249,6430.0,0.0,CTCCCTTTGTGT,GGACTACHVGGGTWTCTAAT,P-249,DB22,seker,SK0051F0123,Israel,human,stool,HiKapa,NA,NA,SK0051,DB22.249
DB22.217,12772.0,0.0,ATTTAGGACGAC,GGACTACHVGGGTWTCTAAT,P-217,DB22,seker,SK0011F1222,Israel,human,stool,HiKapa,NA,13-12-22,SK0011,DB22.217
DB22.265,3780.0,0.0,ATTAAGCCTGGA,GGACTACHVGGGTWTCTAAT,P-265,DB22,seker,SK0069F0223,Israel,human,stool,HiKapa,NA,NA,SK0069,DB22.265
DB22.303,3580.0,0.0,GACTGACTCGTC,GGACTACHVGGGTWTCTAAT,P-303,DB22,haya,A-034aft_June,Israel,human,NA,HiKapa,NA,00/06/22,A-034,DB22.303
DB22.239,6104.0,6.0,GCCACGACTTAC,GGACTACHVGGGTWTCTAAT,P-239,DB22,seker,SK0039F0123,Israel,human,stool,HiKapa,NA,NA,SK0039,DB22.239
DB22.296,6385.0,0.0,CGATGTGTGGTT,GGACTACHVGGGTWTCTAAT,P-296,DB22,NA,SK0064_F2_23,Israel,human,stool,HiKapa,NA,NA,sk0064,DB22.296
DB22.250,1370.0,0.0,AGCTGCACCTAA,GGACTACHVGGGTWTCTAAT,P-250,DB22,seker,SK0052F0123,Israel,human,stool,HiKapa,NA,NA,SK0052,DB22.250
DB22.260,12642.0,0.0,ACGTGTAGGCTT,GGACTACHVGGGTWTCTAAT,P-260,DB22,seker,SK0063F0223,Israel,human,stool,HiKapa,NA,NA,SK0063,DB22.260
DB22.275,8067.0,0.0,AACCAAACTCGA,GGACTACHVGGGTWTCTAAT,P-275,DB22,seker_controls,A475,Israel,human,stool,HiKapa,NA,11.07.2022,A475,DB22.275
DB22.312,316.0,0.0,ATAATTGCCGAG,GGACTACHVGGGTWTCTAAT,P-312,DB22,haya,A-305ori,Israel,human,NA,HiKapa,NA,44595,A-305,DB22.312
DB22.322,3119.0,0.0,AACTGCGATATG,GGACTACHVGGGTWTCTAAT,P-322,DB22,haya,A-508aft,Israel,human,NA,HiKapa,NA,NA,A-508,DB22.322
DB22.218,7943.0,0.0,GGATAGCCAAGG,GGACTACHVGGGTWTCTAAT,P-218,DB22,seker,SK0015F1222,Israel,human,stool,HiKapa,NA,13-12-22,SK0015,DB22.218
DB22.313,1202.0,0.0,GGCATGTTATCG,GGACTACHVGGGTWTCTAAT,P-313,DB22,haya,A-305aft,Israel,human,NA,HiKapa,NA,44479,A-305,DB22.313
DB22.297,6662.0,0.0,GCGAAGTTGGGA,GGACTACHVGGGTWTCTAAT,P-297,DB22,haya,061-Sori,Israel,human,NA,HiKapa,NA,NA,61,DB22.297
DB22.276,3133.0,0.0,GCCGTCTCGTAA,GGACTACHVGGGTWTCTAAT,P-276,DB22,seker_controls,A478,Israel,human,stool,HiKapa,NA,12_2022,A478,DB22.276
DB22.304,8840.0,0.0,TCGTGGATAGCT,GGACTACHVGGGTWTCTAAT,P-304,DB22,haya,A-034ori_June,Israel,human,NA,HiKapa,NA,00/08/22,A-034,DB22.304
DB22.240,10247.0,6.0,ATTGTTCCTACC,GGACTACHVGGGTWTCTAAT,P-240,DB22,seker,SK0040F0123,Israel,human,stool,HiKapa,NA,NA,SK0040,DB22.240
DB22.230,16317.0,0.0,GGTTCCATTAGG,GGACTACHVGGGTWTCTAAT,P-230,DB22,seker,SK0030F0123,Israel,human,stool,HiKapa,NA,NA,SK0030,DB22.230
DB22.284,12926.0,0.0,ATAACATGTGCG,GGACTACHVGGGTWTCTAAT,P-284,DB22,seker_controls,A435,Israel,human,stool,HiKapa,NA,17/1/23,A435,DB22.284
DB22.314,5589.0,0.0,AGGCACAGTAGG,GGACTACHVGGGTWTCTAAT,P-314,DB22,haya,A-345aft,Israel,human,NA,HiKapa,NA,44549,A-345,DB22.314
DB22.266,17961.0,48.0,TGGCTTTCTATC,GGACTACHVGGGTWTCTAAT,P-266,DB22,seker,SK0070F0223,Israel,human,stool,HiKapa,NA,NA,SK0070,DB22.266
DB22.342,4145.0,0.0,TATGAACGTCCG,GGACTACHVGGGTWTCTAAT,P-342,DB22,haya,UC DNA POOL,Israel,NA,NA,HiKapa,NA,NA,NA,DB22.342
DB22.305,7981.0,0.0,GACGCACTAACT,GGACTACHVGGGTWTCTAAT,P-305,DB22,haya,A-034aft_Aug,Israel,human,NA,HiKapa,NA,00/08/22,A-034,DB22.305
DB22.286,5689.0,3.0,CTACACAGCACA,GGACTACHVGGGTWTCTAAT,P-286,DB22,seker,SK0028F0123,Israel,human,stool,HiKapa,NA,NA,SK0028,DB22.286
DB22.277,7843.0,2847.0,CTGGGTATCTCG,GGACTACHVGGGTWTCTAAT,P-277,DB22,seker_controls,A484,Israel,human,stool,HiKapa,NA,12_2022,A484,DB22.277
DB22.219,10920.0,27.0,TGGTTGGTTACG,GGACTACHVGGGTWTCTAAT,P-219,DB22,seker,SK0016F1222,Israel,human,stool,HiKapa,NA,13-12-22,SK0016,DB22.219
DB22.332,9577.0,0.0,AATAGCATGTCG,GGACTACHVGGGTWTCTAAT,P-332,DB22,IIRN,SH_051,Israel,human,stool,HiKapa,NA,NA,NA,DB22.332
DB22.298,12181.0,0.0,GCATTCGGCGTT,GGACTACHVGGGTWTCTAAT,P-298,DB22,haya,A-014aft,Israel,human,NA,HiKapa,NA,NA,A-014,DB22.298
DB22.343,4476.0,0.0,CCACATTGGGTC,GGACTACHVGGGTWTCTAAT,P-343,DB22,haya,Saliva DNA pool,Israel,NA,NA,HiKapa,NA,NA,NA,DB22.343
DB22.287,3814.0,0.0,GAAATGCTACGT,GGACTACHVGGGTWTCTAAT,P-287,DB22,cure,097-EOS,Israel,human,stool,HiKapa,NA,26.12.21,97,DB22.287
DB22.306,5573.0,0.0,GGCGATTTACGT,GGACTACHVGGGTWTCTAAT,P-306,DB22,haya,A-034ori_Aug,Israel,human,NA,HiKapa,NA,43796,A-034,DB22.306
DB22.315,7478.0,0.0,CTACTTACATCC,GGACTACHVGGGTWTCTAAT,P-315,DB22,haya,A-416ori,Israel,human,NA,HiKapa,NA,44549,A-416,DB22.315
DB22.267,11998.0,2.0,ACAGCTCAAACA,GGACTACHVGGGTWTCTAAT,P-267,DB22,seker,SK0071F0223,Israel,human,stool,HiKapa,NA,NA,SK0071,DB22.267
DB22.344,4553.0,0.0,TCAGTCAGATGA,GGACTACHVGGGTWTCTAAT,P-344,DB22,haya,B. Theta DNA HK,Israel,NA,NA,HiKapa,NA,NA,NA,DB22.344
DB22.278,7078.0,0.0,GACTACCCGTTG,GGACTACHVGGGTWTCTAAT,P-278,DB22,seker_controls,A485,Israel,human,stool,HiKapa,NA,12_2022,A485,DB22.278
DB22.333,8120.0,0.0,CGGAGTAATCCT,GGACTACHVGGGTWTCTAAT,P-333,DB22,IIRN,SH_058,Israel,human,stool,HiKapa,NA,NA,NA,DB22.333
DB22.323,17993.0,0.0,CTTCCAACTCAT,GGACTACHVGGGTWTCTAAT,P-323,DB22,SEKER,SK0074_F2_23,Israel,NA,NA,HiKapa,NA,NA,SK0074,DB22.323
DB22.220,6796.0,0.0,GTCGTCCAAATG,GGACTACHVGGGTWTCTAAT,P-220,DB22,seker,SK0017F1222,Israel,human,stool,HiKapa,NA,NA,SK0017,DB22.220
DB22.316,1274.0,0.0,CTCTTCTGATCA,GGACTACHVGGGTWTCTAAT,P-316,DB22,haya,A-416aft,Israel,human,NA,HiKapa,NA,44595,A-416,DB22.316
DB22.307,1675.0,0.0,TAAGGCATCGCT,GGACTACHVGGGTWTCTAAT,P-307,DB22,haya,A035aft,Israel,human,NA,HiKapa,NA,44027,A035,DB22.307
DB22.288,12437.0,0.0,TCTGAGGTTGCC,GGACTACHVGGGTWTCTAAT,P-288,DB22,cure,113-21M,Israel,human,stool,HiKapa,NA,7.6.22,113,DB22.288
DB22.334,4927.0,0.0,CTGTGTCCATGG,GGACTACHVGGGTWTCTAAT,P-334,DB22,IIRN,SH_063,Israel,human,stool,HiKapa,NA,NA,NA,DB22.334
DB22.268,8365.0,0.0,GAGCGTATCCAT,GGACTACHVGGGTWTCTAAT,P-268,DB22,seker,SK0072F0223,Israel,human,stool,HiKapa,NA,NA,SK0072,DB22.268
DB22.352,9735.0,0.0,CTCTATTCCACC,GGACTACHVGGGTWTCTAAT,P-352,DB22,haya,C. pref. DNA HK,Israel,NA,NA,HiKapa,NA,15-02-23,NA,DB22.352
DB22.308,3037.0,0.0,ACCCATACAGCC,GGACTACHVGGGTWTCTAAT,P-308,DB22,haya,A043aft,Israel,human,NA,HiKapa,NA,44048,A043,DB22.308
DB22.317,1180.0,0.0,ATGCTAACCACG,GGACTACHVGGGTWTCTAAT,P-317,DB22,haya,A-444ori,Israel,human,NA,HiKapa,NA,44595,A-444,DB22.317
DB22.289,5643.0,0.0,GATCATTCTCTC,GGACTACHVGGGTWTCTAAT,P-289,DB22,cure,118-15M,Israel,human,stool,HiKapa,NA,3_7_2022,118,DB22.289
DB22.318,600.0,0.0,ACCAATCTCGGC,GGACTACHVGGGTWTCTAAT,P-318,DB22,haya,A-503ori,Israel,human,NA,HiKapa,NA,NA,A-503,DB22.318
DB22.336,3680.0,0.0,ATAGGCTGTAGT,GGACTACHVGGGTWTCTAAT,P-336,DB22,IIRN,SH_082,Israel,human,stool,HiKapa,NA,NA,NA,DB22.336
DB22.355,8866.0,0.0,GCTAGTTATGGA,GGACTACHVGGGTWTCTAAT,P-355,DB22,seker,SK0078F0223,Israel,human,stool,HiKapa,NA,15-02-23,SK0078,DB22.355
DB22.299,32154.0,0.0,CGCCATTGTGCA,GGACTACHVGGGTWTCTAAT,P-299,DB22,haya,A-015ori,Israel,human,NA,HiKapa,NA,NA,A-015,DB22.299
DB22.309,8765.0,0.0,CGCACTACGCAT,GGACTACHVGGGTWTCTAAT,P-309,DB22,haya,A-046aft,Israel,human,NA,HiKapa,NA,44500,A-046,DB22.309
DB22.319,708.0,0.0,TATCCAAGCGCA,GGACTACHVGGGTWTCTAAT,P-319,DB22,haya,A-503aft,Israel,human,NA,HiKapa,NA,44595,A-503,DB22.319
DB22.290,3494.0,0.0,AGACATACCGTA,GGACTACHVGGGTWTCTAAT,P-290,DB22,IRON,C-209-1-4,Israel,human,stool,HiKapa,NA,NA,C-209,DB22.290
DB22.356,1142.0,0.0,CAGATTAACCAG,GGACTACHVGGGTWTCTAAT,P-356,DB22,seker,SK0079F0223,Israel,human,stool,HiKapa,NA,21-02-23,SK0079,DB22.356
DB22.279,25324.0,15.0,GCGTTGCAAACT,GGACTACHVGGGTWTCTAAT,P-279,DB22,seker_controls,A486,Israel,human,stool,HiKapa,NA,12_2022,A486,DB22.279
DB22.310,1551.0,0.0,CAGTCGTTAAGA,GGACTACHVGGGTWTCTAAT,P-310,DB22,haya,A-173aft,Israel,human,NA,HiKapa,NA,44377,A-173,DB22.310
DB22.324,24767.0,0.0,GAGATCGCCTAT,GGACTACHVGGGTWTCTAAT,P-324,DB22,SEKER,SK0045_F2_23,Israel,NA,NA,HiKapa,NA,NA,SK0045,DB22.324
DB22.337,5620.0,0.0,TGTGTAGCCATG,GGACTACHVGGGTWTCTAAT,P-337,DB22,IIRN,SH_083,Israel,human,stool,HiKapa,NA,NA,NA,DB22.337
DB22.269,13529.0,2.0,ATGGGCGAATGG,GGACTACHVGGGTWTCTAAT,P-269,DB22,seker,SK0073F0223,Israel,human,stool,HiKapa,NA,30-11-22,SK0073,DB22.269
DB22.300,6531.0,0.0,TCCAACTGCAGA,GGACTACHVGGGTWTCTAAT,P-300,DB22,haya,A-029ori,Israel,human,NA,HiKapa,NA,NA,A-029,DB22.300
DB22.291,545.0,0.0,GATCCTCATGCG,GGACTACHVGGGTWTCTAAT,P-291,DB22,IRON,c-213-2,Israel,human,stool,HiKapa,NA,3_7_2022,c-213,DB22.291
DB22.320,3358.0,0.0,GTACTGAAGATC,GGACTACHVGGGTWTCTAAT,P-320,DB22,haya,A-504ori,Israel,human,NA,HiKapa,NA,NA,A-504,DB22.320
DB22.280,8090.0,9.0,AACCGCATAAGT,GGACTACHVGGGTWTCTAAT,P-280,DB22,seker_controls,A487,Israel,human,stool,HiKapa,NA,12_2022,A487,DB22.280
DB22.338,4313.0,0.0,AAGGGCGCTGAA,GGACTACHVGGGTWTCTAAT,P-338,DB22,IIRN,SH_090,Israel,human,stool,HiKapa,NA,NA,NA,DB22.338
DB22.345,62474.0,0.0,AAGTCACACACA,GGACTACHVGGGTWTCTAAT,P-345,DB22,haya,Corpo. DNA HK,Israel,NA,NA,HiKapa,NA,NA,NA,DB22.345
DB22.311,11802.0,0.0,CTACGAAAGCCT,GGACTACHVGGGTWTCTAAT,P-311,DB22,haya,A-192ori,Israel,human,NA,HiKapa,NA,44595,A-192,DB22.311
DB22.270,8759.0,0.0,GATCTCTGGGTA,GGACTACHVGGGTWTCTAAT,P-270,DB22,seker,SK0002F1122_2,Israel,human,stool,HiKapa,NA,12_02_2020,SK0002,DB22.270
DB22.321,4650.0,0.0,TCGCCGTGTACA,GGACTACHVGGGTWTCTAAT,P-321,DB22,haya,A-508ori,Israel,human,NA,HiKapa,NA,NA,A-508,DB22.321
DB22.301,13468.0,0.0,TAAAGACCCGTA,GGACTACHVGGGTWTCTAAT,P-301,DB22,haya,A-031ori,Israel,human,NA,HiKapa,NA,16.1.19,A-031,DB22.301
DB22.346,3392.0,0.0,GCTGTGATTCGA,GGACTACHVGGGTWTCTAAT,P-346,DB22,haya,Veilonella 3 HK,Israel,NA,NA,HiKapa,NA,NA,NA,DB22.346
DB22.357,23412.0,0.0,GGCTGCATACTC,GGACTACHVGGGTWTCTAAT,P-357,DB22,seker,SK0081F0223,Israel,human,stool,HiKapa,NA,21-02-23,SK0081,DB22.357
DB22.347,501.0,0.0,CTAGCTATGGAC,GGACTACHVGGGTWTCTAAT,P-347,DB22,haya,S. mitis DNA,Israel,NA,NA,HiKapa,NA,NA,NA,DB22.347
DB22.358,75.0,0.0,TTGGTAAAGTGC,GGACTACHVGGGTWTCTAAT,P-358,DB22,seker,SK0082F0223,Israel,human,stool,HiKapa,NA,21-02-23,SK0082,DB22.358
DB22.325,18262.0,65.0,TGTACATCGCCG,GGACTACHVGGGTWTCTAAT,P-325,DB22,cure,112-21M,Israel,NA,NA,HiKapa,NA,NA,112,DB22.325
DB22.339,11252.0,0.0,GTTTCCGTGGTG,GGACTACHVGGGTWTCTAAT,P-339,DB22,IIRN,SH_091,Israel,human,stool,HiKapa,NA,NA,NA,DB22.339
DB22.364,23177.0,98.0,CACACAAAGTCA,GGACTACHVGGGTWTCTAAT,P-364,DB22,cure,111-21M,Israel,human,stool,HiKapa,NA,NA,111,DB22.364
DB22.340,5566.0,0.0,AGGAACCAGACG,GGACTACHVGGGTWTCTAAT,P-340,DB22,IIRN,SH_503,Israel,human,stool,HiKapa,NA,NA,NA,DB22.340
DB22.348,8108.0,0.0,CTTGACGAGGTT,GGACTACHVGGGTWTCTAAT,P-348,DB22,haya,Veilonella DNA HK,Israel,NA,NA,HiKapa,NA,NA,NA,DB22.348
DB22.374,33474.0,0.0,GAGTACAGTCTA,GGACTACHVGGGTWTCTAAT,P-374,DB22,cure,071-S,Israel,human,stool,HiKapa,NA,NA,71,DB22.374
DB22.341,7891.0,0.0,TAATGCCCAGGT,GGACTACHVGGGTWTCTAAT,P-341,DB22,haya,pool CD,Israel,NA,NA,HiKapa,NA,NA,NA,DB22.341
DB22.326,22158.0,0.0,TGTTAAGCAGCA,GGACTACHVGGGTWTCTAAT,P-326,DB22,SEKER,SK0050_F2_23,Israel,NA,NA,HiKapa,NA,NA,sk0050,DB22.326
DB22.359,25504.0,5.0,AAGTGGCTATCC,GGACTACHVGGGTWTCTAAT,P-359,DB22,seker,SK0083F0223,Israel,human,stool,HiKapa,NA,21-02-23,SK0083,DB22.359
DB22.365,16998.0,0.0,GCCAAGGATAGG,GGACTACHVGGGTWTCTAAT,P-365,DB22,IRON,C-209-1-4,Israel,human,stool,HiKapa,NA,NA,C-209,DB22.365
DB22.349,27482.0,0.0,ACCTGGGAATAT,GGACTACHVGGGTWTCTAAT,P-349,DB22,haya,S. Salive DNA HK,Israel,NA,NA,HiKapa,NA,NA,NA,DB22.349
DB22.366,14178.0,24.0,CGCCACGTGTAT,GGACTACHVGGGTWTCTAAT,P-366,DB22,IRON,C-250-1-2,Israel,human,stool,HiKapa,NA,NA,C-250,DB22.366
DB22.327,15767.0,0.0,ACGGCGTTATGT,GGACTACHVGGGTWTCTAAT,P-327,DB22,SEKER,SK0076_F2_23,Israel,NA,NA,HiKapa,NA,23.08.18,sk0076,DB22.327
DB22.350,13220.0,0.0,CTCTGCCTAATT,GGACTACHVGGGTWTCTAAT,P-350,DB22,haya,Morb.DNA,Israel,NA,NA,HiKapa,NA,NA,NA,DB22.350
DB22.360,21714.0,0.0,AACCGATGTACC,GGACTACHVGGGTWTCTAAT,P-360,DB22,seker,SK0084F0223,Israel,human,stool,HiKapa,NA,21-02-23,SK0084,DB22.360
DB22.376,32176.0,0.0,TCCGTGGTATAG,GGACTACHVGGGTWTCTAAT,P-376,DB24,unknown,unknown,Israel,NA,NA,NA,NA,NA,NA,DB22.376
DB22.367,5928.0,0.0,GCAACCGATTGT,GGACTACHVGGGTWTCTAAT,P-367,DB22,IRON,C-227-2-1,Israel,human,stool,HiKapa,NA,NA,C-227,DB22.367
DB22.351,8671.0,0.0,ATATGACCCAGC,GGACTACHVGGGTWTCTAAT,P-351,DB22,haya,Gemila DNA,Israel,NA,NA,HiKapa,NA,NA,NA,DB22.351
DB22.328,12393.0,0.0,ACTTTGCTTTGC,GGACTACHVGGGTWTCTAAT,P-328,DB22,haya,067-Sori,Israel,human,NA,HiKapa,NA,NA,67,DB22.328
DB22.329,4771.0,0.0,CAAAGCGGTATT,GGACTACHVGGGTWTCTAAT,P-329,DB22,haya,pool controls,Israel,NA,NA,HiKapa,NA,NA,NA,DB22.329
DB22.361,21137.0,0.0,TCGATTGGCCGT,GGACTACHVGGGTWTCTAAT,P-361,DB22,seker,SK0085F0223,Israel,human,stool,HiKapa,NA,21-02-23,SK0085,DB22.361
DB22.330,9591.0,0.0,CGAAACTACGTA,GGACTACHVGGGTWTCTAAT,P-330,DB22,IIRN,SH_028,Israel,human,stool,HiKapa,NA,NA,NA,DB22.330
DB22.368,20959.0,0.0,CATGTGCTTAGG,GGACTACHVGGGTWTCTAAT,P-368,DB22,IRON,C-213-2-4,Israel,human,stool,HiKapa,NA,NA,C-213,DB22.368
DB22.331,8090.0,0.0,GAGGACCAGCAA,GGACTACHVGGGTWTCTAAT,P-331,DB22,IIRN,SH_050,Israel,human,stool,HiKapa,NA,NA,NA,DB22.331
DB22.362,25293.0,0.0,GCATTACTGGAC,GGACTACHVGGGTWTCTAAT,P-362,DB22,seker,SK0086F0223,Israel,human,stool,HiKapa,NA,21-02-23,SK0086,DB22.362
DB22.377,39048.0,0.0,TCTACGGCACGT,GGACTACHVGGGTWTCTAAT,P-377,DB25,unknown,unknown,Israel,NA,NA,NA,NA,NA,NA,DB22.377
DB22.369,18553.0,0.0,GTTCCTCCATTA,GGACTACHVGGGTWTCTAAT,P-369,DB22,IRON,C-221-2-1,Israel,human,stool,HiKapa,NA,NA,C-221,DB22.369
DB22.363,21016.0,3.0,TTGGGCCACATA,GGACTACHVGGGTWTCTAAT,P-363,DB22,seker,SK0087F0223,Israel,human,stool,HiKapa,NA,NA,SK0087,DB22.363
DB22.370,20331.0,0.0,ACCTGTCCTTTC,GGACTACHVGGGTWTCTAAT,P-370,DB22,IRON,C-214-1-3,Israel,human,stool,HiKapa,NA,NA,C-214,DB22.370
DB22.371,44874.0,0.0,GTTCACGCCCAA,GGACTACHVGGGTWTCTAAT,P-371,DB22,cure,055-m3,Israel,human,stool,HiKapa,NA,NA,55,DB22.371
DB22.372,27707.0,0.0,CGATCGAACACT,GGACTACHVGGGTWTCTAAT,P-372,DB22,cure,033-EOS,Israel,human,stool,HiKapa,NA,NA,33,DB22.372
DB22.373,57942.0,0.0,CATGCCAACATG,GGACTACHVGGGTWTCTAAT,P-373,DB22,iron,C-236-2-3,Israel,human,stool,HiKapa,NA,NA,C-236,DB22.373
